run_id,run_number,date,url,workflow_sha,mode,gh_aw_version,gh_aw_commit,gh_aw_committed_at,time_to_complete_seconds,agent_job_seconds,copilot_step_seconds,detection_job_seconds,time_to_proxy_step_seconds,proxy_step_to_first_reasoning_seconds,time_to_first_reasoning_seconds
22981728035,119,2026-03-12T00:56:11Z,https://github.com/githubnext/gh-aw-test/actions/runs/22981728035,2c2cf1c236dd546f36bdeba9ee1a4f49baf25f86,inference,,,,181.0,97.0,30.0,,63.0,,
23715080351,120,2026-03-29T17:42:07Z,https://github.com/githubnext/gh-aw-test/actions/runs/23715080351,d7b10adf52f3c54d82fbece249a54f7c1bc42614,inference,,,,165.0,70.0,31.0,51.0,46.0,,
24428915754,121,2026-04-14T23:54:59Z,https://github.com/githubnext/gh-aw-test/actions/runs/24428915754,e112d6dca1a45d34e01847a90ebf352cb9b812da,inference,v0.68.1,5a06d310cf45161bde77d070065a1e1489fc411c,2026-04-10T19:27:44Z,187.0,59.0,29.0,72.0,46.0,,
24432864138,122,2026-04-15T02:13:19Z,https://github.com/githubnext/gh-aw-test/actions/runs/24432864138,2b8ea98630098fb33ba5742ddcecaad903a2c849,inference,v0.68.3,ce1794953e0ec42adc41b6fca05e02ab49ee21c3,2026-04-14T23:08:38Z,160.0,55.0,30.0,47.0,44.0,,
25004235028,123,2026-04-27T15:31:21Z,https://github.com/githubnext/gh-aw-test/actions/runs/25004235028,709c535f7a30dbd9cee89e13b317ce0c897ed83e,inference,v0.71.0,36e5c36809d74d541861dfe2b5d34a072e019ed1,2026-04-23T21:59:36Z,212.0,66.0,25.0,48.0,94.0,,
27068884706,124,2026-06-06T17:21:09Z,https://github.com/githubnext/gh-aw-test/actions/runs/27068884706,27e585cf546fee2b7eb8e611b9fa884155cea4a6,samples,,,,203.0,55.0,,,121.0,0.0,121.0
27070132437,125,2026-06-06T18:16:52Z,https://github.com/githubnext/gh-aw-test/actions/runs/27070132437,4d36438f908043898fce5734e4d324754baa956f,samples,,,,183.0,52.0,,,119.0,0.0,119.0
27070943899,126,2026-06-06T18:53:56Z,https://github.com/githubnext/gh-aw-test/actions/runs/27070943899,1787c0da9ee69e59c3926b7d9bb6361a69fb0827,samples,,,,182.0,47.0,,,106.0,0.0,106.0
27076419707,127,2026-06-06T23:06:36Z,https://github.com/githubnext/gh-aw-test/actions/runs/27076419707,6c396c39356252c20f4cf5be0233e768b3e6bfa3,samples,,,,185.0,51.0,,,116.0,1.0,117.0
27076897174,128,2026-06-06T23:30:52Z,https://github.com/githubnext/gh-aw-test/actions/runs/27076897174,4cb31952bb2927677de30ea2fe8e29c38a089c9d,samples,,,,197.0,36.0,,,124.0,0.0,124.0
27091347380,129,2026-06-07T11:33:39Z,https://github.com/githubnext/gh-aw-test/actions/runs/27091347380,1ddb09f07e23b11965894ea56a9f2cbcc7bcc7b5,samples,,,,182.0,47.0,,,117.0,0.0,117.0
27095190897,130,2026-06-07T14:22:35Z,https://github.com/githubnext/gh-aw-test/actions/runs/27095190897,4cb85393c97dbcad759226f161fb62c6832342c5,samples,,,,180.0,38.0,,,127.0,0.0,127.0
27137487482,131,2026-06-08T12:25:40Z,https://github.com/githubnext/gh-aw-test/actions/runs/27137487482,a9f5c972bd6916103c5521cef906c8a9f4ccf9e9,samples,,,,209.0,48.0,,,130.0,0.0,130.0
27156778822,132,2026-06-08T17:57:29Z,https://github.com/githubnext/gh-aw-test/actions/runs/27156778822,a9e177d5c648a6455ccdbc039c0e26327e600dd8,samples,,,,200.0,36.0,,,129.0,0.0,129.0
27275214536,133,2026-06-10T12:10:01Z,https://github.com/githubnext/gh-aw-test/actions/runs/27275214536,527bb5e083153fa8d101d50b8213783c50d51ddd,samples,,,,204.0,55.0,,,127.0,0.0,127.0
27275446796,134,2026-06-10T12:14:10Z,https://github.com/githubnext/gh-aw-test/actions/runs/27275446796,ecaf48664733f5b55fb02a1395d0e859b80f8722,samples,,,,190.0,42.0,,,120.0,0.0,120.0
27313061072,135,2026-06-10T23:29:01Z,https://github.com/githubnext/gh-aw-test/actions/runs/27313061072,1f05e8925d25d0027fcf3d56725d9523aff84ffd,samples,,,,216.0,46.0,,,117.0,0.0,117.0
27357083985,136,2026-06-11T15:13:27Z,https://github.com/githubnext/gh-aw-test/actions/runs/27357083985,b8935ec6c69e4cd529bb7bd2c1d1296723309028,samples,,,,234.0,58.0,,,151.0,0.0,151.0
27978642230,157,2026-06-22T19:32:45Z,https://github.com/githubnext/gh-aw-test/actions/runs/27978642230,e361f6abe6bfed5716b770d2a17976908d8c84f6,samples,v0.79.8,8b02ab336d100a5746e9f53b8bc2b22878278a6f,2026-06-12T22:02:20Z,133.0,38.0,,,74.0,0.0,74.0
27655723094,137,2026-06-16T23:47:03Z,https://github.com/githubnext/gh-aw-test/actions/runs/27655723094,370ed77fd3b8138dcfd2680ba4e9b54557f7186a,samples,v0.80.1,cee4f9ca58c4c914d2cfe15f49129471e96de496,2026-06-16T23:23:29Z,231.0,51.0,,,130.0,1.0,131.0
27728784857,138,2026-06-18T00:33:11Z,https://github.com/githubnext/gh-aw-test/actions/runs/27728784857,46e02c0d6106e33f57fe0abed56b2008cc436190,inference,v0.80.3-6-g6be6637234-dirty,6be6637234c7e879dc74376b6cf731ea8ba189a3,2026-06-18T00:27:29Z,281.0,89.0,37.0,50.0,107.0,32.16,139.16
27755612881,139,2026-06-18T11:14:40Z,https://github.com/githubnext/gh-aw-test/actions/runs/27755612881,97760518a5275848d420691949b974bc9442c55e,samples,99d03d4c56-dirty,,,267.0,52.0,,,102.0,0.0,102.0
27760961183,140,2026-06-18T12:55:55Z,https://github.com/githubnext/gh-aw-test/actions/runs/27760961183,1c09a35fd0c1b85377828626e8f04a7b25d27753,samples,v0.80.4-21-gbb2f7a91a1,bb2f7a91a1c14b4a8ca3939ae8e4ec95bc56aa24,2026-06-18T12:53:10Z,223.0,49.0,,,132.0,0.0,132.0
27770822879,141,2026-06-18T15:34:27Z,https://github.com/githubnext/gh-aw-test/actions/runs/27770822879,8173d067141e2b55d94eaa3dc0b382a736670a05,samples,bb2a01817b,bb2a01817b3d752966a6143ca9a60ef5678f8316,2026-06-18T15:22:08Z,190.0,51.0,,,98.0,0.0,98.0
27787448695,142,2026-06-18T20:30:41Z,https://github.com/githubnext/gh-aw-test/actions/runs/27787448695,4a7cbd6486d4cd4eee29ff9fb9df3adffc7ae3ea,samples,v0.80.4-42-g5c1590bc9c,5c1590bc9c0b51880c753694e5ec49e932fa714b,2026-06-18T20:24:19Z,218.0,35.0,,,82.0,1.0,83.0
27792731356,143,2026-06-18T22:17:12Z,https://github.com/githubnext/gh-aw-test/actions/runs/27792731356,a6a77aaeb2f1cb0df851981747c3578b48b9fbc8,samples,05ac29e996,05ac29e99662afa716f68e62c0d93f49f22cc511,2026-06-18T21:55:52Z,204.0,48.0,,,106.0,0.0,106.0
27793218533,144,2026-06-18T22:28:45Z,https://github.com/githubnext/gh-aw-test/actions/runs/27793218533,a6a77aaeb2f1cb0df851981747c3578b48b9fbc8,samples,05ac29e996,05ac29e99662afa716f68e62c0d93f49f22cc511,2026-06-18T21:55:52Z,185.0,35.0,,,84.0,0.0,84.0
27805721716,145,2026-06-19T04:37:50Z,https://github.com/githubnext/gh-aw-test/actions/runs/27805721716,5864ce1e6a349f5eab3f1668f32addf437b58aee,inference,393419b2fb,393419b2fbab303f5aa910484922a44bea92e7ef,2026-06-19T04:19:18Z,292.0,81.0,34.0,63.0,87.0,30.044,117.044
27807257157,146,2026-06-19T05:24:34Z,https://github.com/githubnext/gh-aw-test/actions/runs/27807257157,6066782d05185343eda5e771df2501a519675b30,samples,e004d902eb,e004d902ebe4c4d1e6c3396bccd47b0b2d13f1dd,2026-06-19T05:11:17Z,196.0,39.0,,,97.0,0.0,97.0
27847012015,147,2026-06-19T20:28:32Z,https://github.com/githubnext/gh-aw-test/actions/runs/27847012015,50d623adee884a3e7c5791db8f1863a43e907e03,samples,v0.80.6-11-g54da220d38,54da220d385bc6e193f9a0256ddf4b708cd3ef97,2026-06-19T19:57:27Z,187.0,44.0,,,98.0,0.0,98.0
27860318787,148,2026-06-20T04:34:30Z,https://github.com/githubnext/gh-aw-test/actions/runs/27860318787,f48f2df5b85aaaee5eed3963f1b56779163fb54a,inference,9ad5040c3f,9ad5040c3f6f71f781d6b384b2b39c9697a4aa87,2026-06-20T02:56:40Z,295.0,74.0,28.0,56.0,91.0,23.762,114.762
27867491212,149,2026-06-20T09:49:00Z,https://github.com/githubnext/gh-aw-test/actions/runs/27867491212,60702d68a8ef03f5143bc98d6942bbc576d3b1d6,samples,v0.80.6-22-ge1d2f30e59,e1d2f30e59a8beae8c5a6c97cd9eedd5fc573753,2026-06-20T05:58:06Z,175.0,36.0,,,89.0,1.0,90.0
27902558851,150,2026-06-21T11:16:08Z,https://github.com/githubnext/gh-aw-test/actions/runs/27902558851,de1b226cff6a5c4b73222d15e3fae05238e48e07,inference,11621ebf85,11621ebf85863108936f4fd301e576086acf6847,2026-06-21T11:00:20Z,286.0,71.0,31.0,66.0,84.0,27.214,111.214
28007730114,161,2026-06-23T06:46:36Z,https://github.com/githubnext/gh-aw-test/actions/runs/28007730114,53dbfa5ac1d0c99c6c6b27759aff97b80454eb94,samples,v0.80.8,a4018535fc14d86a805df01f7381f936a356f0f2,2026-06-22T00:13:27Z,130.0,34.0,,,61.0,0.0,61.0
27929948232,151,2026-06-22T04:38:18Z,https://github.com/githubnext/gh-aw-test/actions/runs/27929948232,a1e9080e3a798b0b22f8427be34bd13a6ea8497c,inference,48f9e0c507,48f9e0c507b758637246ec70e83407518f8e23e3,2026-06-22T02:51:26Z,300.0,79.0,29.0,68.0,90.0,24.547,114.547
27957819078,152,2026-06-22T13:52:47Z,https://github.com/githubnext/gh-aw-test/actions/runs/27957819078,c017b21afd2169c201c0e31e2a04de03a97a9bed,inference,v0.80.9,a3624368c4e7d877586ff2784b61de73405e2cdd,2026-06-22T06:39:52Z,310.0,67.0,26.0,69.0,103.0,22.444,125.444
27980997744,158,2026-06-22T20:13:46Z,https://github.com/githubnext/gh-aw-test/actions/runs/27980997744,e94753f7e165db1ce8eaa6212cb62e96cf94ba81,samples,v0.80.9,a3624368c4e7d877586ff2784b61de73405e2cdd,2026-06-22T06:39:52Z,187.0,79.0,,,117.0,0.0,117.0
28010060361,162,2026-06-23T07:34:24Z,https://github.com/githubnext/gh-aw-test/actions/runs/28010060361,2d739e4e2d647b2c66a834c7b98f4277f7eb113b,samples,v0.80.9,a3624368c4e7d877586ff2784b61de73405e2cdd,2026-06-22T06:39:52Z,122.0,39.0,,,63.0,0.0,63.0
28080620168,165,2026-06-24T06:48:32Z,https://github.com/githubnext/gh-aw-test/actions/runs/28080620168,9a967d17eee0f22304c0ed98da2045452841ba02,samples,v0.80.9,a3624368c4e7d877586ff2784b61de73405e2cdd,2026-06-22T06:39:52Z,154.0,40.0,,,76.0,0.0,76.0
28218289083,170,2026-06-26T05:02:35Z,https://github.com/githubnext/gh-aw-test/actions/runs/28218289083,becf046aac0b133354e03d6b34ace94f85bfed6f,samples,v0.80.9,a3624368c4e7d877586ff2784b61de73405e2cdd,2026-06-22T06:39:52Z,125.0,35.0,,,68.0,0.0,68.0
28279080378,173,2026-06-27T04:50:52Z,https://github.com/githubnext/gh-aw-test/actions/runs/28279080378,8c970efe709e059add1867626e9cdcc4cd37accd,samples,v0.80.9,a3624368c4e7d877586ff2784b61de73405e2cdd,2026-06-22T06:39:52Z,123.0,33.0,,,61.0,0.0,61.0
28311968386,176,2026-06-28T05:00:12Z,https://github.com/githubnext/gh-aw-test/actions/runs/28311968386,9fadb5483fe685fc3c7478d880b6a9f161903c3b,samples,v0.80.9,a3624368c4e7d877586ff2784b61de73405e2cdd,2026-06-22T06:39:52Z,156.0,47.0,,,74.0,1.0,75.0
28350016186,179,2026-06-29T05:09:29Z,https://github.com/githubnext/gh-aw-test/actions/runs/28350016186,0b549e5a84e2fc5fff3d804a3cd34eb70bac65d0,samples,v0.80.9,a3624368c4e7d877586ff2784b61de73405e2cdd,2026-06-22T06:39:52Z,144.0,35.0,,,89.0,0.0,89.0
27966398112,153,2026-06-22T16:04:22Z,https://github.com/githubnext/gh-aw-test/actions/runs/27966398112,c9786648403e377d0ccbe0172c977e7d354c03a9,inference,42a1743825,42a1743825aa4def53a0b6f1d7a7bdff5c90f685,2026-06-22T14:43:45Z,374.0,89.0,31.0,82.0,156.0,26.78,182.78
27969702756,154,2026-06-22T16:58:37Z,https://github.com/githubnext/gh-aw-test/actions/runs/27969702756,9ca6123cbec689294fc405b270ad142cd8ca14ec,samples,efe940eb13,efe940eb13d078d6f3d3f6547ad739f72fc5c6ee,2026-06-22T16:39:35Z,240.0,69.0,,,134.0,0.0,134.0
27970094123,155,2026-06-22T17:05:12Z,https://github.com/githubnext/gh-aw-test/actions/runs/27970094123,a1ec1ffb25b389b6b4ca828c91174fc225db56bc,inference,5fdf022bd5,5fdf022bd58148e85db2180d4f2905dba2858fd1,2026-06-22T17:02:46Z,315.0,77.0,32.0,63.0,100.0,28.471,128.471
27974839626,156,2026-06-22T18:26:35Z,https://github.com/githubnext/gh-aw-test/actions/runs/27974839626,8a85925ccfb0009a123ef773429d84de04b9bd2d,samples,d55b907fd2,d55b907fd2d7dc8e465a4ca272ba294ca355ee50,2026-06-22T17:46:30Z,237.0,54.0,,,127.0,0.0,127.0
28002287151,159,2026-06-23T04:30:29Z,https://github.com/githubnext/gh-aw-test/actions/runs/28002287151,0813a335780d032652748b4a284c30d70e753c8b,inference,af58d8c1ad,af58d8c1ad2c970d1266170414eb180d919b46dd,2026-06-23T04:16:07Z,325.0,84.0,38.0,63.0,120.0,33.652,153.652
28005263275,160,2026-06-23T05:49:57Z,https://github.com/githubnext/gh-aw-test/actions/runs/28005263275,ade822bae75aaa6fac142343ee762d7ca745f04f,samples,709febe6be,709febe6be94f5506e285c40ceebeacf47d9376a,2026-06-23T05:31:13Z,184.0,35.0,,,82.0,1.0,83.0
28075303252,163,2026-06-24T04:31:58Z,https://github.com/githubnext/gh-aw-test/actions/runs/28075303252,863084e93ad7b01ff37c3dd3a35fba9eff0b1549,inference,v0.81.2,433c534f2589b5ae3bffc666a09c02dc8004a837,2026-06-24T03:34:55Z,304.0,78.0,31.0,71.0,92.0,26.813,118.813
28082735279,166,2026-06-24T07:32:37Z,https://github.com/githubnext/gh-aw-test/actions/runs/28082735279,438040f090d03f0947a54e477746957afbca83ff,samples,v0.81.2,433c534f2589b5ae3bffc666a09c02dc8004a837,2026-06-24T03:34:55Z,140.0,40.0,,,72.0,0.0,72.0
28078251384,164,2026-06-24T05:52:21Z,https://github.com/githubnext/gh-aw-test/actions/runs/28078251384,acfd53af748a83d132c2afee1e13f74b81b26f27,samples,5373e080d7,5373e080d7333c296810f807d16e25484412cd00,2026-06-24T05:01:18Z,245.0,61.0,,,119.0,0.0,119.0
28149856514,168,2026-06-25T05:51:31Z,https://github.com/githubnext/gh-aw-test/actions/runs/28149856514,6dc7db8b2419993174ac0b3a055a7b2de6700ef7,samples,fb1020c051,fb1020c0514ffc99526ea793ff52ff561371f4d3,2026-06-25T05:21:56Z,224.0,55.0,,,114.0,0.0,114.0
32516874360,295,2026-08-21T19:07:53Z,https://github.com/githubnext/gh-aw-test/actions/runs/32516874360,add0fc08e27e6557aac626f21ebb7b17c55eaff8,inference,v0.81.3-44-g42b108eaae,42b108eaae3ac36f6ab5ecb1ea5bcb664cfbb784,2026-06-25T23:35:56Z,341.0,95.0,31.0,67.0,143.0,26.749,169.749
28219079099,171,2026-06-26T05:26:09Z,https://github.com/githubnext/gh-aw-test/actions/runs/28219079099,99af21619668caef23b9d94b846739557aee84a2,samples,v0.81.4,1db7b9b617011f63a991644b80bfd7e4a044c34e,2026-06-26T03:58:10Z,121.0,30.0,,,59.0,0.0,59.0
28217400854,169,2026-06-26T04:35:36Z,https://github.com/githubnext/gh-aw-test/actions/runs/28217400854,8f9757a5cc8e8f72f0d9bd047554a669d3b0cb5b,samples,v0.81.4-1-g27b2f4f2cf,27b2f4f2cf5196411315c1789cc6d4db8d232ad6,2026-06-26T04:31:35Z,263.0,56.0,,,101.0,0.0,101.0
32517745517,296,2026-08-21T19:17:57Z,https://github.com/githubnext/gh-aw-test/actions/runs/32517745517,0979ee4159f676ef40c150c651bba3faaa66f62a,inference,v0.81.4-69-g95b5cd98a9,95b5cd98a9b94d9eee85349ffca3ebf35d76aad2,2026-06-26T23:03:42Z,284.0,87.0,28.0,81.0,93.0,23.781,116.781
28279717728,174,2026-06-27T05:20:08Z,https://github.com/githubnext/gh-aw-test/actions/runs/28279717728,c4a478f3ee5c44a3c0ddf3e0677fff45441069ec,samples,v0.81.5,f414fc71e36a3950e056639a12799fdf281e9c4f,2026-06-27T00:34:34Z,118.0,31.0,,,53.0,1.0,54.0
28278577935,172,2026-06-27T04:28:10Z,https://github.com/githubnext/gh-aw-test/actions/runs/28278577935,a78c4b5bb9cc83711fc6bb3cc4731e939fba130e,samples,bc0a5e4c9d,bc0a5e4c9d3c28726bc9a5685b7ba70f357c9884,2026-06-27T03:31:53Z,200.0,38.0,,,107.0,0.0,107.0
28312408055,177,2026-06-28T05:21:21Z,https://github.com/githubnext/gh-aw-test/actions/runs/28312408055,555579de0c8d56a156e64646a1e9a2c2ca97bc9d,samples,v0.81.6,eed4304d8740f0593f2797276cb8299d228ffd9b,2026-06-27T05:28:19Z,132.0,41.0,,,64.0,0.0,64.0
28421393144,182,2026-06-30T04:58:44Z,https://github.com/githubnext/gh-aw-test/actions/runs/28421393144,9f029daf5a8731cf48cbc8593c6382078a325191,samples,v0.81.6,eed4304d8740f0593f2797276cb8299d228ffd9b,2026-06-27T05:28:19Z,143.0,40.0,,,76.0,0.0,76.0
28494898649,185,2026-07-01T05:06:19Z,https://github.com/githubnext/gh-aw-test/actions/runs/28494898649,da2eb368d77919bb839b22bea4b762b5bc62a10a,samples,v0.81.6,eed4304d8740f0593f2797276cb8299d228ffd9b,2026-06-27T05:28:19Z,114.0,32.0,,,50.0,1.0,51.0
28566405365,188,2026-07-02T04:55:03Z,https://github.com/githubnext/gh-aw-test/actions/runs/28566405365,5c19012935e3308c84a065db1f8087bdbac89c95,samples,v0.81.6,eed4304d8740f0593f2797276cb8299d228ffd9b,2026-06-27T05:28:19Z,164.0,44.0,,,69.0,1.0,70.0
28638973515,191,2026-07-03T04:44:24Z,https://github.com/githubnext/gh-aw-test/actions/runs/28638973515,b3e0bbe81f9d0457e2e5793740135e15c6230375,samples,v0.81.6,eed4304d8740f0593f2797276cb8299d228ffd9b,2026-06-27T05:28:19Z,87.0,30.0,,,51.0,0.0,51.0
28695205575,194,2026-07-04T04:41:49Z,https://github.com/githubnext/gh-aw-test/actions/runs/28695205575,881c13ef4bd44654f210d1825bc9569d9a10817c,samples,v0.81.6,eed4304d8740f0593f2797276cb8299d228ffd9b,2026-06-27T05:28:19Z,107.0,41.0,,,60.0,1.0,61.0
28729898081,197,2026-07-05T04:49:09Z,https://github.com/githubnext/gh-aw-test/actions/runs/28729898081,f559bdfbeb04c32bdd5258e7d00775f88030db3f,samples,v0.81.6,eed4304d8740f0593f2797276cb8299d228ffd9b,2026-06-27T05:28:19Z,97.0,41.0,,,49.0,0.0,49.0
28768755064,200,2026-07-06T04:55:48Z,https://github.com/githubnext/gh-aw-test/actions/runs/28768755064,948ac77d1f80d78408c724f560f603ffd6be8505,samples,v0.81.6,eed4304d8740f0593f2797276cb8299d228ffd9b,2026-06-27T05:28:19Z,104.0,43.0,,,59.0,0.0,59.0
28917943442,203,2026-07-08T04:39:24Z,https://github.com/githubnext/gh-aw-test/actions/runs/28917943442,f357b726fe3bb430c95c208886d3a79589a91acb,samples,v0.81.6,eed4304d8740f0593f2797276cb8299d228ffd9b,2026-06-27T05:28:19Z,79.0,29.0,,,44.0,0.0,44.0
28994888262,207,2026-07-09T04:50:35Z,https://github.com/githubnext/gh-aw-test/actions/runs/28994888262,6133a2612c1bfaa4330254b04b8ca57d2798dad5,samples,v0.81.6,eed4304d8740f0593f2797276cb8299d228ffd9b,2026-06-27T05:28:19Z,169.0,38.0,,,121.0,0.0,121.0
29069942710,210,2026-07-10T04:49:50Z,https://github.com/githubnext/gh-aw-test/actions/runs/29069942710,20df5e3eda91014ad183e06def2ee1bf5fe778d2,samples,v0.81.6,eed4304d8740f0593f2797276cb8299d228ffd9b,2026-06-27T05:28:19Z,106.0,42.0,,,60.0,1.0,61.0
29139701726,213,2026-07-11T04:30:04Z,https://github.com/githubnext/gh-aw-test/actions/runs/29139701726,2d35ad25f67f43ad7884d16b3197189e21a6e927,samples,v0.81.6,eed4304d8740f0593f2797276cb8299d228ffd9b,2026-06-27T05:28:19Z,112.0,38.0,,,53.0,0.0,53.0
29180010256,216,2026-07-12T04:38:48Z,https://github.com/githubnext/gh-aw-test/actions/runs/29180010256,c0fbd6bdf05eeb1f0c00cd80370ad16d4c0dad66,samples,v0.81.6,eed4304d8740f0593f2797276cb8299d228ffd9b,2026-06-27T05:28:19Z,81.0,33.0,,,45.0,0.0,45.0
29224633530,219,2026-07-13T04:43:39Z,https://github.com/githubnext/gh-aw-test/actions/runs/29224633530,b857f1b369191bde857d8837ae28d1a2202d06a3,samples,v0.81.6,eed4304d8740f0593f2797276cb8299d228ffd9b,2026-06-27T05:28:19Z,78.0,31.0,,,41.0,0.0,41.0
29306039015,222,2026-07-14T04:28:04Z,https://github.com/githubnext/gh-aw-test/actions/runs/29306039015,7f3d51fc80112caba2acd850314f161c956e8a6d,samples,v0.81.6,eed4304d8740f0593f2797276cb8299d228ffd9b,2026-06-27T05:28:19Z,97.0,38.0,,,51.0,0.0,51.0
29389347201,225,2026-07-15T04:35:40Z,https://github.com/githubnext/gh-aw-test/actions/runs/29389347201,0e290588a796a7e5f15a70545490b35e391bb1b7,samples,v0.81.6,eed4304d8740f0593f2797276cb8299d228ffd9b,2026-06-27T05:28:19Z,148.0,41.0,,,98.0,0.0,98.0
29471585601,228,2026-07-16T04:31:43Z,https://github.com/githubnext/gh-aw-test/actions/runs/29471585601,7e0794c56728287912c87c1d5207bbb125b5592c,samples,v0.81.6,eed4304d8740f0593f2797276cb8299d228ffd9b,2026-06-27T05:28:19Z,127.0,36.0,,,92.0,0.0,92.0
29555331319,231,2026-07-17T04:38:05Z,https://github.com/githubnext/gh-aw-test/actions/runs/29555331319,06e2fb480379835759874ab2fe4ad5ef021fac79,samples,v0.81.6,eed4304d8740f0593f2797276cb8299d228ffd9b,2026-06-27T05:28:19Z,103.0,41.0,,,52.0,0.0,52.0
29630788645,234,2026-07-18T04:34:58Z,https://github.com/githubnext/gh-aw-test/actions/runs/29630788645,7769ccdcddbbf67bef0f530ef1f8e609dd785a27,samples,v0.81.6,eed4304d8740f0593f2797276cb8299d228ffd9b,2026-06-27T05:28:19Z,97.0,35.0,,,60.0,0.0,60.0
29673617204,237,2026-07-19T04:38:06Z,https://github.com/githubnext/gh-aw-test/actions/runs/29673617204,750d7ff8db291b739a54175573b0d41338ab9568,samples,v0.81.6,eed4304d8740f0593f2797276cb8299d228ffd9b,2026-06-27T05:28:19Z,101.0,43.0,,,59.0,0.0,59.0
29717709499,240,2026-07-20T04:47:56Z,https://github.com/githubnext/gh-aw-test/actions/runs/29717709499,2e3cbcf01c4a171401945aa94124fe93f0035a46,samples,v0.81.6,eed4304d8740f0593f2797276cb8299d228ffd9b,2026-06-27T05:28:19Z,102.0,39.0,,,54.0,0.0,54.0
32518500863,297,2026-08-21T19:26:44Z,https://github.com/githubnext/gh-aw-test/actions/runs/32518500863,24866b5b6d1e478d77a5a29c5726be33eed66f2b,inference,v0.81.6-27-g9b8946c72e,9b8946c72eac79ab9d1c7656df083b69921f4e37,2026-06-27T23:58:40Z,305.0,104.0,32.0,72.0,109.0,27.513,136.513
28311501615,175,2026-06-28T04:37:02Z,https://github.com/githubnext/gh-aw-test/actions/runs/28311501615,b05c50d9610ccc930779a767645d33b9f9032fdb,samples,2d16c282d0,2d16c282d0fa3e367972fb3383669a960621ad02,2026-06-28T02:30:33Z,202.0,39.0,,,94.0,0.0,94.0
32519294171,298,2026-08-21T19:36:00Z,https://github.com/githubnext/gh-aw-test/actions/runs/32519294171,52f8508d8f07839980f497f133e8f605b8c3dc5c,inference,v0.81.6-88-g59d4d3b44a,59d4d3b44afaba2865a921d99a6d30510fb5b793,2026-06-28T23:50:56Z,309.0,97.0,28.0,62.0,123.0,23.596,146.596
28348977938,178,2026-06-29T04:38:00Z,https://github.com/githubnext/gh-aw-test/actions/runs/28348977938,620f0f4b71bd3ac22af8c3022144e57bdaf4e1a0,samples,d6d91600fd,d6d91600fd9a49e8807a214357a70294a70a9bee,2026-06-29T02:56:08Z,247.0,59.0,,,107.0,0.0,107.0
28422101988,183,2026-06-30T05:17:47Z,https://github.com/githubnext/gh-aw-test/actions/runs/28422101988,f69567c26e0ec41134eee1735da72e195f635ee6,samples,v0.82.0,be745b1aaf691dea9880c4dec3d55777027529c4,2026-06-29T16:26:20Z,151.0,33.0,,,92.0,0.0,92.0
32520135455,299,2026-08-21T19:45:51Z,https://github.com/githubnext/gh-aw-test/actions/runs/32520135455,9e7b3d4ed4575a22c59b8bd19bb8eeb7ea2eb50c,inference,v0.82.0-41-g663ad7b5aa,663ad7b5aa7cbf4c5d56f4a73d99c8d95f09e466,2026-06-29T23:08:31Z,441.0,177.0,120.0,69.0,104.0,24.526,128.526
28420427724,181,2026-06-30T04:31:35Z,https://github.com/githubnext/gh-aw-test/actions/runs/28420427724,459501b772faad42bdbca841d06a0bdc5014e3a3,samples,7698da96a6,7698da96a6f4f833f00df08778eb7c9da192c3d8,2026-06-30T03:42:01Z,184.0,39.0,,,85.0,0.0,85.0
28495572839,186,2026-07-01T05:24:23Z,https://github.com/githubnext/gh-aw-test/actions/runs/28495572839,d02883c487be7544990aec4c8ca7cf0472a741f3,samples,v0.82.1,b5fdd698c629c91b387d059628db059bcda73980,2026-06-30T22:17:32Z,122.0,33.0,,,61.0,0.0,61.0
28567655527,189,2026-07-02T05:27:57Z,https://github.com/githubnext/gh-aw-test/actions/runs/28567655527,4e51449c7b6d7bfd0606e0129b5e8721411740a8,samples,v0.82.1,b5fdd698c629c91b387d059628db059bcda73980,2026-06-30T22:17:32Z,125.0,33.0,,,58.0,0.0,58.0
32521125135,300,2026-08-21T19:57:34Z,https://github.com/githubnext/gh-aw-test/actions/runs/32521125135,5580b5f9c366254bfbabc139f9ef78864738f9a5,inference,v0.82.1,b5fdd698c629c91b387d059628db059bcda73980,2026-06-30T22:17:32Z,375.0,191.0,120.0,62.0,118.0,24.192,142.192
28493889040,184,2026-07-01T04:38:13Z,https://github.com/githubnext/gh-aw-test/actions/runs/28493889040,ccfc7ca66d8a812ea067bd61f653538d40b6fb22,samples,a146daa7e6,a146daa7e61edb92373a44b9fc98e06bc7429cce,2026-07-01T04:26:32Z,310.0,37.0,,,119.0,0.0,119.0
32524065089,301,2026-08-21T20:32:24Z,https://github.com/githubnext/gh-aw-test/actions/runs/32524065089,6fa00defc4eca55b73f3b33a36b5e7480f1b5f14,inference,v0.82.1-68-ge8b9dc7132,e8b9dc7132e3b86282d093daf64f9550046af3c8,2026-07-01T21:42:52Z,396.0,180.0,113.0,74.0,111.0,17.65,128.65
28565506990,187,2026-07-02T04:30:32Z,https://github.com/githubnext/gh-aw-test/actions/runs/28565506990,170d4780c10278271c5dd74907df6ebb0e2c2d09,samples,588de5c52d,588de5c52dff0624c2afd357862bbf66c3170402,2026-07-02T01:03:56Z,218.0,60.0,,,133.0,0.0,133.0
28640205457,192,2026-07-03T05:20:14Z,https://github.com/githubnext/gh-aw-test/actions/runs/28640205457,65b9502a58e894881f2e916c6019d2cc79ba103c,samples,v0.82.2,0b1173e7d380fb68a9d6749af62e49ca050eefc1,2026-07-02T16:52:47Z,100.0,41.0,,,59.0,0.0,59.0
28696089774,195,2026-07-04T05:21:28Z,https://github.com/githubnext/gh-aw-test/actions/runs/28696089774,5148219b8fd00418234bdaa0d6da08495a228a92,samples,v0.82.2,0b1173e7d380fb68a9d6749af62e49ca050eefc1,2026-07-02T16:52:47Z,92.0,37.0,,,53.0,1.0,54.0
28730324398,198,2026-07-05T05:10:10Z,https://github.com/githubnext/gh-aw-test/actions/runs/28730324398,e8ae34824900b6d1b7c3a8b60c77c0825fb1c366,samples,v0.82.2,0b1173e7d380fb68a9d6749af62e49ca050eefc1,2026-07-02T16:52:47Z,92.0,38.0,,,55.0,0.0,55.0
28769422119,201,2026-07-06T05:14:20Z,https://github.com/githubnext/gh-aw-test/actions/runs/28769422119,14a84376967add45155e8b64f36cf12bd1db3000,samples,v0.82.2,0b1173e7d380fb68a9d6749af62e49ca050eefc1,2026-07-02T16:52:47Z,114.0,44.0,,,57.0,0.0,57.0
32524978300,302,2026-08-21T20:43:04Z,https://github.com/githubnext/gh-aw-test/actions/runs/32524978300,c8994627f93adab8aa3f40b2b98375f21991d8a4,inference,v0.82.2-11-g98d108e495,98d108e4959308a8fe548ac14136a112c339fcfb,2026-07-02T23:54:40Z,374.0,169.0,111.0,59.0,94.0,16.135,110.135
28638283284,190,2026-07-03T04:23:47Z,https://github.com/githubnext/gh-aw-test/actions/runs/28638283284,de75ba4df2a4d9b125fea7bd432e433ad6eadc11,samples,fea1a84b8d,fea1a84b8db66b7b288c31b0950ddd3e979cece8,2026-07-03T04:17:49Z,201.0,48.0,,,85.0,0.0,85.0
32525853446,303,2026-08-21T20:53:42Z,https://github.com/githubnext/gh-aw-test/actions/runs/32525853446,5133be2fd8932f88053ea264d0c00ac6e4b689ce,inference,v0.82.2-48-g332d5e24d2,332d5e24d2c6c47b0cd58f8694911c6591c6de8a,2026-07-03T16:03:51Z,400.0,165.0,115.0,68.0,96.0,18.246,114.246
28694744964,193,2026-07-04T04:21:14Z,https://github.com/githubnext/gh-aw-test/actions/runs/28694744964,01432d55ed336eecf75a66a0dbe639c3e26e5eab,samples,5c72cddd1f,5c72cddd1fd8edec5a3ca461840ae52c4897ed6c,2026-07-04T04:15:43Z,209.0,45.0,,,95.0,1.0,96.0
32526714151,304,2026-08-21T21:04:12Z,https://github.com/githubnext/gh-aw-test/actions/runs/32526714151,c60921a8af6f9ed7b296592b14a0245774610dc3,inference,v0.82.2-99-g117370b507,117370b507e5c712b8d981e5b7d6601a078821d9,2026-07-04T18:05:47Z,359.0,158.0,111.0,67.0,86.0,14.593,100.593
28729494129,196,2026-07-05T04:29:31Z,https://github.com/githubnext/gh-aw-test/actions/runs/28729494129,e2ca1c9f0b5014f675ab938411f3b6b7789c2387,samples,abade8aa9c,abade8aa9c70e638000d9afa9c20df3efcfc13a7,2026-07-05T04:13:29Z,172.0,48.0,,,79.0,0.0,79.0
32527568032,305,2026-08-21T21:14:42Z,https://github.com/githubnext/gh-aw-test/actions/runs/32527568032,1a444a9677e63984f782449daa04ed3bf93176b1,inference,v0.82.2-171-g927a689cee,927a689cee61cfdc4a6787079dca356192b70bec,2026-07-05T22:11:39Z,386.0,173.0,113.0,78.0,97.0,17.41,114.41
28768041417,199,2026-07-06T04:34:15Z,https://github.com/githubnext/gh-aw-test/actions/runs/28768041417,4c130c1a2e6517de66da38dd3dde93aac9a03e23,samples,c9361ede13,c9361ede1380a89768b06f5ba7dba06bd5b7290a,2026-07-06T02:55:43Z,171.0,42.0,,,81.0,0.0,81.0
28918472820,204,2026-07-08T04:53:56Z,https://github.com/githubnext/gh-aw-test/actions/runs/28918472820,379a2817326ca81c420ae516f2979644714b3aaf,samples,v0.82.3,afad433c8081160f52c27dd324bf208c194a2717,2026-07-07T09:28:53Z,89.0,36.0,,,48.0,0.0,48.0
32530466379,307,2026-08-21T21:52:03Z,https://github.com/githubnext/gh-aw-test/actions/runs/32530466379,e7a821a3eb5327fab3c0ebcc760daf93e4688382,inference,v0.82.3-15-gda168b8262,da168b8262ffd5707c04c77a2fdbadc70aac6309,2026-07-07T19:28:45Z,362.0,167.0,114.0,67.0,107.0,18.387,125.387
28917102765,202,2026-07-08T04:16:44Z,https://github.com/githubnext/gh-aw-test/actions/runs/28917102765,719760a5538fbcf42817fc090a35800453231a0a,samples,f50594627a,f50594627ae3dda699f99604903441d2dcc8f993,2026-07-08T03:02:15Z,161.0,49.0,,,90.0,0.0,90.0
28937730899,205,2026-07-08T11:03:37Z,https://github.com/githubnext/gh-aw-test/actions/runs/28937730899,6de1219d4df3a71f654ad7b1fe290916937140a7,samples,777c1be79e,777c1be79e822242a60bd8a9172d2b88db792f57,2026-07-08T10:51:37Z,171.0,41.0,,,93.0,0.0,93.0
32531331276,308,2026-08-21T22:03:37Z,https://github.com/githubnext/gh-aw-test/actions/runs/32531331276,3fbfac60c0fb9bb27e543d28ac4770acb8f27b0c,inference,v0.82.6-11-gbd5467ff41,bd5467ff4106fd4970e359c1569acfc96209bf04,2026-07-08T20:23:03Z,421.0,169.0,112.0,59.0,152.0,15.771,167.771
28995516262,208,2026-07-09T05:07:42Z,https://github.com/githubnext/gh-aw-test/actions/runs/28995516262,f587167f1db013c61963b6c8a4d867556f7561f0,samples,v0.82.7,f78aa11992eb3e40e7e8c4207d98389edc377ea3,2026-07-09T03:26:19Z,96.0,33.0,,,51.0,0.0,51.0
29070774653,211,2026-07-10T05:11:32Z,https://github.com/githubnext/gh-aw-test/actions/runs/29070774653,b8e48f384acfa3ea36aa8d9416ba4805eeffd02f,samples,v0.82.7,f78aa11992eb3e40e7e8c4207d98389edc377ea3,2026-07-09T03:26:19Z,110.0,47.0,,,63.0,0.0,63.0
29140095020,214,2026-07-11T04:44:40Z,https://github.com/githubnext/gh-aw-test/actions/runs/29140095020,49a0df4cc337b1b486c4695b6edb71a184f7381f,samples,v0.82.7,f78aa11992eb3e40e7e8c4207d98389edc377ea3,2026-07-09T03:26:19Z,101.0,47.0,,,59.0,0.0,59.0
28993984662,206,2026-07-09T04:25:31Z,https://github.com/githubnext/gh-aw-test/actions/runs/28993984662,9efbc1bfa75da1cb7ff9307dac1a5ff2b828f26e,samples,12c510eef9,12c510eef95e1bf12a64ba17ab8ea039e350bfd7,2026-07-09T04:19:35Z,174.0,45.0,,,98.0,0.0,98.0
32532168844,309,2026-08-21T22:15:02Z,https://github.com/githubnext/gh-aw-test/actions/runs/32532168844,526199aaad840efb62aad4855acd8cf4dfce57de,inference,v0.82.7-20-gf2bff5d554,f2bff5d554593da959dfba86c5bce06ff7703dce,2026-07-09T18:07:27Z,431.0,168.0,113.0,90.0,131.0,17.93,148.93
29069069292,209,2026-07-10T04:26:48Z,https://github.com/githubnext/gh-aw-test/actions/runs/29069069292,16a1c3c1e368fa30f65353253a4e7a512e011f15,samples,2de7b7329d,2de7b7329de2cc789f6b8ad44ca09ecd3958e7c3,2026-07-10T04:04:45Z,208.0,33.0,,,116.0,0.0,116.0
29139126382,212,2026-07-11T04:08:26Z,https://github.com/githubnext/gh-aw-test/actions/runs/29139126382,8a6f66379a838a8b83e271c877f9cb71e085e213,samples,ed454002d3,ed454002d35dffe2a6f8e46f6bc1f89639ef9099,2026-07-10T20:48:42Z,175.0,37.0,,,99.0,0.0,99.0
32532950392,310,2026-08-21T22:26:16Z,https://github.com/githubnext/gh-aw-test/actions/runs/32532950392,f2f99bca967ab91bfc51bcb83549356d0b241e43,inference,v0.82.7-66-ged454002d3,ed454002d35dffe2a6f8e46f6bc1f89639ef9099,2026-07-10T20:48:42Z,393.0,168.0,112.0,70.0,94.0,16.553,110.553
29180474916,217,2026-07-12T04:58:24Z,https://github.com/githubnext/gh-aw-test/actions/runs/29180474916,c1a4d368acb8643033afd60fdc1fbc821bc5cb39,samples,v0.82.8,0e0d3736527cc5029115b7a49a63388da83cc1b2,2026-07-11T08:39:05Z,88.0,33.0,,,51.0,0.0,51.0
29225476797,220,2026-07-13T05:06:18Z,https://github.com/githubnext/gh-aw-test/actions/runs/29225476797,1b0e871593292824931cd2324675856bfc73e74d,samples,v0.82.8,0e0d3736527cc5029115b7a49a63388da83cc1b2,2026-07-11T08:39:05Z,95.0,37.0,,,54.0,0.0,54.0
32533705816,311,2026-08-21T22:37:13Z,https://github.com/githubnext/gh-aw-test/actions/runs/32533705816,ccfc8e8565a0dcf108386853596bf31959a6189f,inference,v0.82.8-20-gb3b6881333,b3b6881333d82b7c02de90f2f21799cd1929223b,2026-07-11T17:42:12Z,374.0,159.0,110.0,63.0,114.0,15.175,129.175
29179483580,215,2026-07-12T04:17:17Z,https://github.com/githubnext/gh-aw-test/actions/runs/29179483580,f3d05faf854b11b15f678c6b28766eff07a69e93,samples,bc7d2db69a,bc7d2db69a21a806b6085055e80274379213dcc8,2026-07-12T03:16:34Z,164.0,48.0,,,86.0,0.0,86.0
32534604788,312,2026-08-21T22:50:27Z,https://github.com/githubnext/gh-aw-test/actions/runs/32534604788,4a3e13b378361eda25a3abd47967dcea0a4ba7a7,inference,v0.82.8-28-ge0a0e5d23d,e0a0e5d23d0e2b9f065b71469a1a75578d8a7047,2026-07-12T20:01:03Z,466.0,200.0,119.0,67.0,142.0,22.011,164.011
29223659614,218,2026-07-13T04:19:34Z,https://github.com/githubnext/gh-aw-test/actions/runs/29223659614,a2666af391e0ae3d2d371dd8431b10deb816b208,samples,fe2174281f,fe2174281f75c0e832ff1a14a3da877259a173fe,2026-07-13T01:34:38Z,184.0,41.0,,,107.0,0.0,107.0
29306680425,223,2026-07-14T04:43:35Z,https://github.com/githubnext/gh-aw-test/actions/runs/29306680425,42ea75c2eec8dd65163714783dc648162d32e2bf,samples,v0.82.9,e9b732bc366ade8de24f162b525ffbb354a53129,2026-07-13T16:25:59Z,106.0,40.0,,,59.0,0.0,59.0
29389926596,226,2026-07-15T04:50:15Z,https://github.com/githubnext/gh-aw-test/actions/runs/29389926596,4e90106502d0001f6c4cd61fed6a51f2b594f88b,samples,v0.82.9,e9b732bc366ade8de24f162b525ffbb354a53129,2026-07-13T16:25:59Z,111.0,44.0,,,65.0,0.0,65.0
29472408123,229,2026-07-16T04:52:18Z,https://github.com/githubnext/gh-aw-test/actions/runs/29472408123,e5a8bd7f4c34cab75ca7ad2e51633a8ecc5895b4,samples,v0.82.9,e9b732bc366ade8de24f162b525ffbb354a53129,2026-07-13T16:25:59Z,96.0,34.0,,,55.0,0.0,55.0
32535684406,313,2026-08-21T23:07:07Z,https://github.com/githubnext/gh-aw-test/actions/runs/32535684406,a1015bbf0d44ee4e0883af9807661ddb8b7f52cf,inference,v0.82.9-5-g072256746c,072256746c0a33d54890f6f431b5c90314c23c4e,2026-07-13T21:19:54Z,419.0,193.0,121.0,67.0,123.0,23.877,146.877
29305123394,221,2026-07-14T04:06:05Z,https://github.com/githubnext/gh-aw-test/actions/runs/29305123394,e4af6f9cd4d7ecda98d737b91ffc36ea74d73d64,samples,0e64b08c05,0e64b08c05b3c24f5615d13fb818a26066cb2862,2026-07-14T03:04:21Z,158.0,46.0,,,90.0,0.0,90.0
32536396153,314,2026-08-21T23:18:40Z,https://github.com/githubnext/gh-aw-test/actions/runs/32536396153,78472d34e7e502d74464dfb81a4a8116ba4e3f66,inference,v0.82.9-54-gdf13f08917,df13f08917192b95bda8aa6c9ab53ffd6684f788,2026-07-14T23:01:46Z,455.0,184.0,113.0,85.0,180.0,17.381,197.381
29388180753,224,2026-07-15T04:07:02Z,https://github.com/githubnext/gh-aw-test/actions/runs/29388180753,108ab26722b1517b0aa6e9d658d8eb1f2b240891,samples,61336cb2af,61336cb2af49e1e85ba6f371a1b90b40a2a9eeab,2026-07-15T04:03:08Z,190.0,50.0,,,121.0,0.0,121.0
29470590715,227,2026-07-16T04:07:31Z,https://github.com/githubnext/gh-aw-test/actions/runs/29470590715,5abdfa674fca5d8cd6f63801923427f55e2de78d,samples,f0a3dd21c6,f0a3dd21c6e5fc1eff595e0a62becf6b4c5d553f,2026-07-15T22:08:18Z,188.0,52.0,,,115.0,0.0,115.0
32537059340,315,2026-08-21T23:29:48Z,https://github.com/githubnext/gh-aw-test/actions/runs/32537059340,477dd6bdd1be6fbc7f2c6cc065e31fdc5a44b6c7,inference,v0.82.9-134-gf0a3dd21c6,f0a3dd21c6e5fc1eff595e0a62becf6b4c5d553f,2026-07-15T22:08:18Z,451.0,192.0,119.0,68.0,118.0,22.741,140.741
29555946105,232,2026-07-17T04:53:40Z,https://github.com/githubnext/gh-aw-test/actions/runs/29555946105,e04415ed4352710210a8e02b49507f3699e5fcbe,samples,v0.82.11,38e22c4075e399a5b9b2dbda1d94e2d66e91e9ca,2026-07-16T19:17:47Z,131.0,70.0,,,86.0,0.0,86.0
32537848702,316,2026-08-21T23:42:48Z,https://github.com/githubnext/gh-aw-test/actions/runs/32537848702,ce43352e99414256d6deab3990afe78d44a0aaf8,inference,v0.82.11-7-gc19fd53189,c19fd53189742da810b717d538f0d88cb13c2d3f,2026-07-16T22:21:50Z,443.0,172.0,114.0,147.0,96.0,16.907,112.907
29554046078,230,2026-07-17T04:06:57Z,https://github.com/githubnext/gh-aw-test/actions/runs/29554046078,5b0b2f9b837ab3ec691573c447625f47b5c8326d,samples,479a220c19,479a220c199cae03226e8839c5fccdf764bab58e,2026-07-17T02:55:08Z,178.0,54.0,,,92.0,0.0,92.0
29631209683,235,2026-07-18T04:50:06Z,https://github.com/githubnext/gh-aw-test/actions/runs/29631209683,28029d098e735a076d2d31117432025819c40e8a,samples,v0.82.12,b944311ed8eb2bfdcd32693703aeb98dfebb1fa3,2026-07-17T06:52:59Z,106.0,48.0,,,61.0,0.0,61.0
29801534996,243,2026-07-21T04:32:40Z,https://github.com/githubnext/gh-aw-test/actions/runs/29801534996,47aa91e486b27b7bcb668a0e143263bdd273d967,samples,v0.82.12,b944311ed8eb2bfdcd32693703aeb98dfebb1fa3,2026-07-17T06:52:59Z,101.0,43.0,,,53.0,0.0,53.0
29629995300,233,2026-07-18T04:06:26Z,https://github.com/githubnext/gh-aw-test/actions/runs/29629995300,977ed5f99de793ff78945a68099254eecaa30df2,samples,c096ffebd2,c096ffebd27fa7dbfb278a87d87fbb00c5187239,2026-07-17T14:58:08Z,150.0,42.0,,,86.0,0.0,86.0
32538498682,317,2026-08-21T23:53:45Z,https://github.com/githubnext/gh-aw-test/actions/runs/32538498682,16526f4f5de66a3bec72f66798fb67113522c381,inference,v0.82.12-7-gc096ffebd2,c096ffebd27fa7dbfb278a87d87fbb00c5187239,2026-07-17T14:58:08Z,496.0,164.0,113.0,169.0,88.0,16.99,104.99
29674005958,238,2026-07-19T04:53:45Z,https://github.com/githubnext/gh-aw-test/actions/runs/29674005958,4c7d054f607942e680b6efe2f362d11b01cd4916,samples,v0.82.13,017cdbc1b474bb0804e2c152b46012930fecb7b3,2026-07-18T09:00:18Z,97.0,36.0,,,53.0,0.0,53.0
29718236306,241,2026-07-20T05:03:06Z,https://github.com/githubnext/gh-aw-test/actions/runs/29718236306,cab108315f3eb1f4803771d7d6de67ff634eb9aa,samples,v0.82.13,017cdbc1b474bb0804e2c152b46012930fecb7b3,2026-07-18T09:00:18Z,143.0,42.0,,,86.0,0.0,86.0
29673057727,236,2026-07-19T04:16:00Z,https://github.com/githubnext/gh-aw-test/actions/runs/29673057727,0edc0fb83089a0b664ad3b951d506151e31a2c34,samples,84dfb780c2,84dfb780c2d1db8e95815675d3ea12493c3562fc,2026-07-19T03:43:40Z,152.0,57.0,,,92.0,1.0,93.0
29716703808,239,2026-07-20T04:21:54Z,https://github.com/githubnext/gh-aw-test/actions/runs/29716703808,d1cf83c0b393d10a65fa783921a561299081c626,samples,7bdc455764,7bdc455764ae979049bef6b656ec090d419f2b63,2026-07-20T04:14:42Z,237.0,55.0,,,157.0,0.0,157.0
29802360877,244,2026-07-21T04:51:19Z,https://github.com/githubnext/gh-aw-test/actions/runs/29802360877,24f8e6597bf675a40b8b59cf5d69db343c032712,samples,v0.82.14,8b820ae1073f301991aaf2f307f7e271f618bb9f,2026-07-20T17:25:31Z,113.0,42.0,,,62.0,1.0,63.0
29891430598,246,2026-07-22T04:34:39Z,https://github.com/githubnext/gh-aw-test/actions/runs/29891430598,994e8546b75e34760d2758dad828737905ddcce5,samples,v0.82.14,8b820ae1073f301991aaf2f307f7e271f618bb9f,2026-07-20T17:25:31Z,125.0,32.0,,,82.0,0.0,82.0
29979790872,249,2026-07-23T04:32:15Z,https://github.com/githubnext/gh-aw-test/actions/runs/29979790872,aad903c75ed2ebcb3c3b6887f25f74c5763e4a3b,samples,v0.82.14,8b820ae1073f301991aaf2f307f7e271f618bb9f,2026-07-20T17:25:31Z,107.0,42.0,,,61.0,0.0,61.0
29800445477,242,2026-07-21T04:09:03Z,https://github.com/githubnext/gh-aw-test/actions/runs/29800445477,2e16a61d1569e1bd372aa92b25f96795a6e64e8f,samples,175cd811ca,175cd811ca1e60fadb8052f940c85d7171ca4921,2026-07-21T03:46:17Z,169.0,53.0,,,97.0,0.0,97.0
29892146050,247,2026-07-22T04:51:10Z,https://github.com/githubnext/gh-aw-test/actions/runs/29892146050,adcffffd1ebd2719236453fb48f82bab49c81beb,samples,v0.82.15,8070dbd66af90bb83046bbdd92deab611d1d1d11,2026-07-21T07:38:32Z,96.0,34.0,,,61.0,0.0,61.0
29890368377,245,2026-07-22T04:10:35Z,https://github.com/githubnext/gh-aw-test/actions/runs/29890368377,ca8bfdf4d27cf2de07c859c5782ffd799d655fa1,samples,2a7ac3d34e,2a7ac3d34e2d1795112b2e8d6703b17cc42dfe73,2026-07-21T14:10:44Z,147.0,39.0,,,77.0,1.0,78.0
29980494373,250,2026-07-23T04:48:47Z,https://github.com/githubnext/gh-aw-test/actions/runs/29980494373,4317ef7a46086803503d47f54a48a7f2f7a77838,samples,v0.83.0,5cce94a83e6e010cf2570b5150201de71210a333,2026-07-22T15:20:21Z,101.0,39.0,,,57.0,1.0,58.0
30067103756,253,2026-07-24T04:33:32Z,https://github.com/githubnext/gh-aw-test/actions/runs/30067103756,246adf2b16ce992e158fe96c928d89565ae1a9b6,samples,v0.83.0,5cce94a83e6e010cf2570b5150201de71210a333,2026-07-22T15:20:21Z,98.0,31.0,,,46.0,0.0,46.0
29978810349,248,2026-07-23T04:09:09Z,https://github.com/githubnext/gh-aw-test/actions/runs/29978810349,a4fd77bd0c91aba436c9cb15ea32a5da707360df,samples,0629ee44cf,0629ee44cffe1469e74bbe9e1baac3a76f3ae8fe,2026-07-22T23:24:40Z,168.0,40.0,,,104.0,0.0,104.0
30006117618,251,2026-07-23T12:13:13Z,https://github.com/githubnext/gh-aw-test/actions/runs/30006117618,94a6a7614c8155096a56efdef17fa95b85b27ba9,samples,v0.83.1,6268b9870d9f3bd9ce7526cb9d9cac988ffcfa35,2026-07-23T11:37:12Z,152.0,38.0,,,73.0,0.0,73.0
30067807734,254,2026-07-24T04:50:02Z,https://github.com/githubnext/gh-aw-test/actions/runs/30067807734,5ffa88dfafc13fa9b731fb032a5b44c058da9819,samples,v0.83.1,6268b9870d9f3bd9ce7526cb9d9cac988ffcfa35,2026-07-23T11:37:12Z,100.0,41.0,,,58.0,1.0,59.0
30144189139,256,2026-07-25T04:31:55Z,https://github.com/githubnext/gh-aw-test/actions/runs/30144189139,05fd8d72580edda10f30807bf0f1dab334440ae2,samples,v0.83.1,6268b9870d9f3bd9ce7526cb9d9cac988ffcfa35,2026-07-23T11:37:12Z,93.0,40.0,,,53.0,0.0,53.0
30188178816,259,2026-07-26T04:41:19Z,https://github.com/githubnext/gh-aw-test/actions/runs/30188178816,07626e30ebc18475280d695b5255677e5c595668,samples,v0.83.1,6268b9870d9f3bd9ce7526cb9d9cac988ffcfa35,2026-07-23T11:37:12Z,94.0,40.0,,,59.0,0.0,59.0
30238024526,262,2026-07-27T04:47:11Z,https://github.com/githubnext/gh-aw-test/actions/runs/30238024526,2a3e5e19c4f960e8d5ceb3bb0b5cdf659cb1ce1b,samples,v0.83.1,6268b9870d9f3bd9ce7526cb9d9cac988ffcfa35,2026-07-23T11:37:12Z,100.0,37.0,,,55.0,0.0,55.0
30066002900,252,2026-07-24T04:08:19Z,https://github.com/githubnext/gh-aw-test/actions/runs/30066002900,b40a9875c9cf574a613bd986655479355b5614f0,samples,755ee4dea3,755ee4dea3417cfb29f61ef43a6a1266c05dede9,2026-07-24T04:03:11Z,183.0,42.0,,,79.0,0.0,79.0
30144752865,257,2026-07-25T04:51:52Z,https://github.com/githubnext/gh-aw-test/actions/runs/30144752865,a600a0283a505493cb0951b89e85a15f3aa81d9c,samples,v0.83.2,56a38be41a181e164a794ee308378d8c1081026a,2026-07-24T05:51:15Z,141.0,64.0,,,91.0,0.0,91.0
30143463924,255,2026-07-25T04:07:14Z,https://github.com/githubnext/gh-aw-test/actions/runs/30143463924,23e979ee21ca6e13b195c0184b05df86b0c30e78,samples,c175442ba5,c175442ba52e219ec80312a952ffe2be1fee704b,2026-07-25T03:47:58Z,154.0,40.0,,,81.0,0.0,81.0
30188630263,260,2026-07-26T04:58:56Z,https://github.com/githubnext/gh-aw-test/actions/runs/30188630263,59399f685a3bea65efe4c40d22aabceb54701b86,samples,v0.83.3,7e728ffd6fc9b1a4e8e03e8815701f4203e789ad,2026-07-25T11:23:57Z,85.0,34.0,,,48.0,0.0,48.0
30238750701,263,2026-07-27T05:04:42Z,https://github.com/githubnext/gh-aw-test/actions/runs/30238750701,e2c8517bac302860d0fef7b0ffc03d3d470ba495,samples,v0.83.3,7e728ffd6fc9b1a4e8e03e8815701f4203e789ad,2026-07-25T11:23:57Z,129.0,48.0,,,84.0,0.0,84.0
30329600083,268,2026-07-28T04:44:50Z,https://github.com/githubnext/gh-aw-test/actions/runs/30329600083,1903fcc4887cb0e978e21d9dd46b5fa460a41a6f,samples,v0.83.3,7e728ffd6fc9b1a4e8e03e8815701f4203e789ad,2026-07-25T11:23:57Z,193.0,41.0,,,106.0,1.0,107.0
30422887095,271,2026-07-29T04:39:59Z,https://github.com/githubnext/gh-aw-test/actions/runs/30422887095,f7737dc8c7484be988691c993588053af31ac47c,samples,v0.83.3,7e728ffd6fc9b1a4e8e03e8815701f4203e789ad,2026-07-25T11:23:57Z,143.0,56.0,,,81.0,0.0,81.0
30187541171,258,2026-07-26T04:17:15Z,https://github.com/githubnext/gh-aw-test/actions/runs/30187541171,b7975c92cac80ebc8b648b452554ee4dd40696c1,samples,00aedb3317,00aedb3317a6194e4c458de6fae8509d6d84b208,2026-07-26T03:33:33Z,150.0,55.0,,,87.0,0.0,87.0
30236899626,261,2026-07-27T04:22:10Z,https://github.com/githubnext/gh-aw-test/actions/runs/30236899626,0bfac34829d8c227e5e34d83dc616332f9378acf,samples,d4872c27ea,d4872c27ea33f4d3b7684430020195e804ade106,2026-07-26T20:50:33Z,158.0,40.0,,,86.0,0.0,86.0
30253250421,264,2026-07-27T09:16:43Z,https://github.com/githubnext/gh-aw-test/actions/runs/30253250421,896801e607d04bdba1e28b5a490fddfe4567c4fd,samples,v0.83.4,bbb8042878459948333b15b66f27113f4b5c1b9a,2026-07-27T08:49:15Z,169.0,39.0,,,78.0,0.0,78.0
30330754586,269,2026-07-28T05:08:29Z,https://github.com/githubnext/gh-aw-test/actions/runs/30330754586,e352591c30e880b1933d69380347011e9f78de55,samples,v0.83.4,bbb8042878459948333b15b66f27113f4b5c1b9a,2026-07-27T08:49:15Z,160.0,67.0,,,101.0,0.0,101.0
30423972530,272,2026-07-29T05:03:39Z,https://github.com/githubnext/gh-aw-test/actions/runs/30423972530,0bf6dee591e5db4534bb3660e97e1baf8be2b844,samples,v0.83.4,bbb8042878459948333b15b66f27113f4b5c1b9a,2026-07-27T08:49:15Z,145.0,36.0,,,59.0,1.0,60.0
30514638950,274,2026-07-30T04:43:28Z,https://github.com/githubnext/gh-aw-test/actions/runs/30514638950,ab93278633779882c4c15473505d68f2c17ebdc6,samples,v0.83.4,bbb8042878459948333b15b66f27113f4b5c1b9a,2026-07-27T08:49:15Z,158.0,44.0,,,82.0,0.0,82.0
30605097524,277,2026-07-31T04:48:13Z,https://github.com/githubnext/gh-aw-test/actions/runs/30605097524,9bc8a0b80871d8e649556616aa415028adf6c886,samples,v0.83.4,bbb8042878459948333b15b66f27113f4b5c1b9a,2026-07-27T08:49:15Z,179.0,34.0,,,93.0,0.0,93.0
30684479529,280,2026-08-01T04:43:14Z,https://github.com/githubnext/gh-aw-test/actions/runs/30684479529,eb27f3d5b5f5d3d24089cb56243c361d84cf2886,samples,v0.83.4,bbb8042878459948333b15b66f27113f4b5c1b9a,2026-07-27T08:49:15Z,123.0,37.0,,,64.0,0.0,64.0
30732960151,283,2026-08-02T04:46:42Z,https://github.com/githubnext/gh-aw-test/actions/runs/30732960151,169fb3fbefc9834dbfa8afea22d6fa5d7e546c57,samples,v0.83.4,bbb8042878459948333b15b66f27113f4b5c1b9a,2026-07-27T08:49:15Z,134.0,34.0,,,63.0,0.0,63.0
30785491145,286,2026-08-03T04:50:11Z,https://github.com/githubnext/gh-aw-test/actions/runs/30785491145,237a15e19a5561c3430787a7aae13567e7e9e43e,samples,v0.83.4,bbb8042878459948333b15b66f27113f4b5c1b9a,2026-07-27T08:49:15Z,134.0,45.0,,,76.0,0.0,76.0
30266464886,265,2026-07-27T12:34:30Z,https://github.com/githubnext/gh-aw-test/actions/runs/30266464886,975849f6fc32641adfbe28fe33fda46683ebe8c8,samples,24ba57445b,24ba57445b755388740f8196247bc10c787d1278,2026-07-27T12:26:37Z,183.0,42.0,,,103.0,0.0,103.0
30271118206,266,2026-07-27T13:37:03Z,https://github.com/githubnext/gh-aw-test/actions/runs/30271118206,66e5a8a0dc7cba171a4bb61f1bf0047bcbf124c8,samples,55b5181bb8,55b5181bb855f566b2401823884270d16669c064,2026-07-27T13:20:40Z,199.0,50.0,,,110.0,0.0,110.0
30327852211,267,2026-07-28T04:07:36Z,https://github.com/githubnext/gh-aw-test/actions/runs/30327852211,1e6299ef9e3c77941cbaea6f66d430ad15628d4c,samples,db0022daac,db0022daac93cbdc7ad3e6518d21e635a7b84642,2026-07-28T03:34:57Z,222.0,39.0,,,107.0,0.0,107.0
30421452781,270,2026-07-29T04:08:21Z,https://github.com/githubnext/gh-aw-test/actions/runs/30421452781,1b5b2b03a46085fdac93563c55f9883c8891bea5,samples,acc797bbab,acc797bbab36245a25a108b1597789d08b0d3d90,2026-07-28T22:04:30Z,251.0,43.0,,,98.0,0.0,98.0
30515678624,275,2026-07-30T05:06:09Z,https://github.com/githubnext/gh-aw-test/actions/runs/30515678624,85b4c01d8d5f94609eedc77d9307892d85a183df,samples,v0.84.0,ec7e9b22470f36052c927b9a642f93a525bcef9a,2026-07-29T19:52:40Z,130.0,45.0,,,64.0,0.0,64.0
30606156374,278,2026-07-31T05:12:20Z,https://github.com/githubnext/gh-aw-test/actions/runs/30606156374,b41f106f497333c2b449a34ea392f4d24246cc89,samples,v0.84.0,ec7e9b22470f36052c927b9a642f93a525bcef9a,2026-07-29T19:52:40Z,168.0,43.0,,,97.0,0.0,97.0
30513003051,273,2026-07-30T04:07:23Z,https://github.com/githubnext/gh-aw-test/actions/runs/30513003051,b5fd3e2b6dc6e5f37168e18db9ad9b74b1c73603,samples,8d982baa62,8d982baa62cdac36cac6386f1c986f3edbbbef67,2026-07-29T22:27:08Z,217.0,35.0,,,94.0,0.0,94.0
30603640315,276,2026-07-31T04:14:27Z,https://github.com/githubnext/gh-aw-test/actions/runs/30603640315,9e6fb0bf0e499aef13082564a2ed710a52a4bc30,samples,5adcdb6d4e,5adcdb6d4ec153409feab88c1688a9929fa07008,2026-07-30T20:03:14Z,236.0,39.0,,,104.0,0.0,104.0
30685048501,281,2026-08-01T05:01:48Z,https://github.com/githubnext/gh-aw-test/actions/runs/30685048501,9ba9bd6571b5a49fb13657e8ad0d3f9fed8bec03,samples,v0.84.1,ccf88b8a317e2409b40d87e0df29e6978de0f9c5,2026-07-31T13:33:53Z,161.0,46.0,,,96.0,0.0,96.0
30683496745,279,2026-08-01T04:12:36Z,https://github.com/githubnext/gh-aw-test/actions/runs/30683496745,da63f1adafb6089587ec8f2280b6c5f29bd022b9,samples,a9137e1445,a9137e1445047b33d4e3186d534dd39efd509af4,2026-08-01T03:49:45Z,211.0,44.0,,,101.0,0.0,101.0
30733493466,284,2026-08-02T05:05:20Z,https://github.com/githubnext/gh-aw-test/actions/runs/30733493466,5a078ee6ef789f0239ffd1e3cba0634769d55ee8,samples,v0.84.2,85d757b668121129235f2ebbe5cc753be9dcc8ba,2026-08-01T07:59:08Z,99.0,35.0,,,60.0,0.0,60.0
30786546022,287,2026-08-03T05:13:25Z,https://github.com/githubnext/gh-aw-test/actions/runs/30786546022,7effaaa737bd753f06e01384ded566c52a1014ea,samples,v0.84.2,85d757b668121129235f2ebbe5cc753be9dcc8ba,2026-08-01T07:59:08Z,138.0,45.0,,,73.0,0.0,73.0
30878481081,289,2026-08-04T04:42:55Z,https://github.com/githubnext/gh-aw-test/actions/runs/30878481081,5113435ed130de341ed95849ad6d686743dc5c55,samples,v0.84.2,85d757b668121129235f2ebbe5cc753be9dcc8ba,2026-08-01T07:59:08Z,117.0,34.0,,,64.0,0.0,64.0
30732092686,282,2026-08-02T04:16:36Z,https://github.com/githubnext/gh-aw-test/actions/runs/30732092686,22c45f01bfeabeb00fcf17549a3e5731a95a000e,samples,d647f2f839,d647f2f83985e23c7ad8eb0015e0e66d95d64ed0,2026-08-02T01:13:16Z,246.0,57.0,,,121.0,0.0,121.0
30784075630,285,2026-08-03T04:19:00Z,https://github.com/githubnext/gh-aw-test/actions/runs/30784075630,1aa77fc4906a341523204d87a4d062c289729776,samples,24f6c45b9f,24f6c45b9f15890ee46153b68e5787f425e3443c,2026-08-03T04:08:31Z,198.0,38.0,,,99.0,0.0,99.0
30879745424,290,2026-08-04T05:08:05Z,https://github.com/githubnext/gh-aw-test/actions/runs/30879745424,8158227ca054547a03fa2d4909b108c9944b890e,samples,v0.84.3,53258938b59e0797fefeed05ec0c681514b2a827,2026-08-03T04:41:56Z,137.0,52.0,,,68.0,0.0,68.0
30975529818,293,2026-08-05T04:34:26Z,https://github.com/githubnext/gh-aw-test/actions/runs/30975529818,b6d218dedc76ea0a1a8314c5e2e3323937a9142d,samples,v0.84.3,53258938b59e0797fefeed05ec0c681514b2a827,2026-08-03T04:41:56Z,98.0,34.0,,,49.0,0.0,49.0
30876764168,288,2026-08-04T04:08:16Z,https://github.com/githubnext/gh-aw-test/actions/runs/30876764168,17813f5395d7c816a869d75d7d06652ba287c016,samples,021887f5dc,021887f5dce36f83f9d513f4a0ce9546c7560f9d,2026-08-04T04:04:54Z,227.0,44.0,,,119.0,0.0,119.0
30976265243,294,2026-08-05T04:49:59Z,https://github.com/githubnext/gh-aw-test/actions/runs/30976265243,bf202fdb5e73732f3caf61c5ef39a6bb589da376,samples,v0.85.0,964e554e0302803dceecfdc0a58cb9c4bd7d732d,2026-08-04T23:23:05Z,100.0,47.0,,,56.0,1.0,57.0
30963115281,291,2026-08-05T00:23:19Z,https://github.com/githubnext/gh-aw-test/actions/runs/30963115281,3f1dbf02481379d6eff829fcb4811d344af681bf,samples,9aa5938b0b,9aa5938b0bb56a1813f4c8f566dfe38bfc1458d3,2026-08-04T23:47:26Z,188.0,40.0,,,95.0,0.0,95.0
30974171857,292,2026-08-05T04:06:23Z,https://github.com/githubnext/gh-aw-test/actions/runs/30974171857,1c1e7ca49a39091bf03cbf5d0d2bf22052c734cd,samples,733e82e1a6,733e82e1a6f9340b234743d928e0a436fb9aee9e,2026-08-05T03:56:43Z,198.0,40.0,,,98.0,0.0,98.0
